timestamp,mode,held_out_domain,best_val_macro_f1,held_out_macro_f1_at_best_val,epochs,lora_r,lambda_domain
2026-09-14T09:40:05,linear_probe,plantvillage,0.6311,0.4417,15,8,
2026-09-14T10:29:11,lora_plain,plantvillage,0.7059,0.5872,15,8,
2026-09-14T11:25:26,full_finetune,plantvillage,0.4648,0.2786,15,8,
2026-09-14T12:14:55,doga,plantvillage,0.6978,0.5749,15,8,0.3
2026-09-14T12:55:01,linear_probe,plantdoc,0.8798,0.6066,15,8,
2026-09-14T14:20:40,lora_plain,plantdoc,0.9287,0.6615,15,8,
2026-09-14T16:27:34,full_finetune,plantdoc,0.866,0.3486,15,8,
2026-09-14T17:53:22,doga,plantdoc,0.9204,0.641,15,8,0.3
2026-09-14T18:32:14,linear_probe,plantwild,0.9289,0.5075,15,8,
2026-09-14T19:53:42,lora_plain,plantwild,0.9679,0.5687,15,8,
2026-09-14T21:53:23,full_finetune,plantwild,0.9048,0.2564,15,8,
2026-09-14T23:16:07,doga,plantwild,0.9696,0.5151,15,8,0.3
2026-09-15T09:42:25,doga,plantwild,0.9654,0.5581,8,8,0.05
2026-09-15T10:25:55,doga,plantwild,0.9659,0.5576,8,8,0.1
2026-09-15T11:09:28,doga,plantwild,0.9603,0.5347,8,8,0.5
2026-09-15T11:53:05,doga,plantwild,0.9548,0.476,8,8,1.0
2026-09-15T13:19:11,doga,plantwild,0.9731,0.5376,15,8,0.05
